Time,CellId,RNTI,BWPId,SINR(dB)
1.01329,2,5,0,22.0612
1.01329,4,5,0,23.676
1.01343,2,4,0,20.8427
1.01343,4,4,0,20.1024
1.01357,2,3,0,8.23607
1.01357,4,3,0,-0.560164
1.01371,2,2,0,10.2751
1.01371,4,2,0,12.3827
1.01386,2,1,0,10.7373
1.01386,4,1,0,58.9632
1.01429,2,5,0,22.0833
1.01429,4,5,0,23.7686
1.0145,2,4,0,21.0333
1.0145,4,4,0,20.1083
1.01464,2,3,0,8.23464
1.01464,4,3,0,-0.590768
1.01479,2,2,0,10.3234
1.01479,4,2,0,12.3594
1.01493,2,1,0,10.6927
1.01493,4,1,0,58.9228
1.01529,2,5,0,22.1329
1.01529,4,5,0,23.6447
1.0155,2,4,0,20.9244
1.0155,4,4,0,20.0916
1.01564,2,3,0,8.30146
1.01564,4,3,0,-0.517143
1.01579,2,2,0,10.3234
1.01579,4,2,0,12.3946
1.01593,2,1,0,10.6869
1.01593,4,1,0,58.9729
1.01629,2,5,0,22.0281
1.01629,4,5,0,23.6274
1.0165,2,4,0,20.8746
1.0165,4,4,0,20.1503
1.01664,2,3,0,8.36562
1.01664,4,3,0,-0.462383
1.01679,2,2,0,10.3003
1.01679,4,2,0,12.2777
1.01693,2,1,0,10.6717
1.01693,4,1,0,58.8341
1.01729,2,5,0,21.9144
1.01729,4,5,0,23.6139
1.0175,2,4,0,20.8545
1.0175,4,4,0,20.0736
1.01764,2,3,0,8.40169
1.01764,4,3,0,-0.437829
1.01779,2,2,0,10.3568
1.01779,4,2,0,12.3442
1.01793,2,1,0,10.6905
1.01793,4,1,0,58.6121
1.01829,2,5,0,76.9936
1.0185,2,4,0,84.2922
1.01864,2,3,0,73.4165
1.01879,2,2,0,74.8133
1.01893,4,3,0,22.3734
1.01893,2,1,0,85.7061
1.01929,2,5,0,76.9892
1.0195,2,4,0,84.3124
1.01964,2,3,0,73.5082
1.01979,2,2,0,74.8441
1.01993,4,3,0,22.4614
1.01993,2,1,0,85.7937
1.02029,2,5,0,76.9951
1.0205,2,4,0,84.3571
1.02064,2,3,0,73.4818
1.02079,2,2,0,74.8928
1.02093,4,3,0,22.6551
1.02093,2,1,0,85.7904
1.02129,2,5,0,77.0247
1.02143,2,4,0,84.3016
1.02157,2,3,0,73.4977
1.02171,2,2,0,74.9173
1.02186,2,1,0,85.6759
1.02193,4,3,0,61.249
1.02229,2,5,0,77.0262
1.0225,2,4,0,84.4584
1.02264,2,3,0,73.5102
1.02279,2,2,0,74.935
1.02293,4,3,0,22.7142
1.02293,2,1,0,85.7463
1.02329,2,5,0,22.1061
1.02329,4,5,0,23.4389
1.02343,4,4,0,19.8299
1.0235,2,4,0,35.1528
1.02357,4,3,0,23.7525
1.02364,2,3,0,25.9529
1.02371,4,2,0,26.5961
1.02379,2,2,0,27.3108
1.02386,4,1,0,57.9311
1.02393,2,1,0,83.5028
1.02429,2,5,0,22.135
1.02429,4,5,0,23.2994
1.0245,2,4,0,21.0975
1.0245,4,4,0,19.9268
1.02464,2,3,0,8.55966
1.02464,4,3,0,0.112029
1.02479,2,2,0,10.5005
1.02479,4,2,0,12.1501
1.02493,2,1,0,10.7962
1.02493,4,1,0,58.1459
1.02529,2,5,0,22.0769
1.02529,4,5,0,23.3755
1.0255,2,4,0,21.1539
1.0255,4,4,0,19.8434
1.02564,2,3,0,8.44083
1.02564,4,3,0,0.109944
1.02579,2,2,0,10.5914
1.02579,4,2,0,12.2371
1.02593,2,1,0,10.9372
1.02593,4,1,0,58.2527
1.02629,2,5,0,22.0414
1.02629,4,5,0,23.4447
1.0265,2,4,0,21.174
1.0265,4,4,0,19.8368
1.02664,2,3,0,8.48507
1.02664,4,3,0,0.104783
1.02679,2,2,0,10.5073
1.02679,4,2,0,12.1714
1.02693,2,1,0,10.9311
1.02693,4,1,0,58.3903
1.02729,2,5,0,22.0679
1.02729,4,5,0,23.4483
1.0275,2,4,0,21.185
1.0275,4,4,0,19.7117
1.02764,2,3,0,8.40051
1.02764,4,3,0,0.147922
1.02779,2,2,0,10.4282
1.02779,4,2,0,12.1231
1.02793,2,1,0,10.9846
1.02793,4,1,0,58.2194
1.02829,2,5,0,21.9183
1.02829,4,5,0,23.4265
1.0285,2,4,0,21.3464
1.0285,4,4,0,19.8472
1.02864,2,3,0,8.36539
1.02864,4,3,0,0.230509
1.02879,2,2,0,10.5891
1.02879,4,2,0,12.0586
1.02893,2,1,0,10.9282
1.02893,4,1,0,58.4751
1.02993,2,5,0,76.0257
1.02993,2,4,0,83.4561
1.02993,2,3,0,72.4486
1.02993,2,2,0,74.9055
1.02993,4,3,0,0.690245
1.03086,4,3,0,0.101573
1.03093,2,5,0,76.3797
1.03093,2,4,0,83.6822
1.03093,2,3,0,73.2773
1.03093,2,1,0,84.4872
1.03193,2,5,0,76.7359
1.03193,2,4,0,84.9324
1.03193,2,2,0,74.5081
1.03193,2,1,0,85.6338
1.03193,4,3,0,1.12889
1.03293,2,5,0,75.898
1.03293,2,4,0,83.4978
1.03293,2,3,0,72.4303
1.03293,2,2,0,74.8318
1.03293,4,3,0,0.608348
1.03393,2,5,0,76.5445
1.03393,2,4,0,83.8811
1.03393,2,3,0,73.4268
1.03393,2,1,0,84.6024
1.03393,4,3,0,0.108421
1.03493,2,3,0,72.6276
1.03493,2,2,0,74.476
1.03493,2,1,0,83.767
1.03493,4,3,0,-2.11183
1.03593,2,2,0,72.2949
1.03593,2,1,0,83.5098
1.03593,4,3,0,-2.86024
1.03629,2,5,0,76.6505
1.0365,2,4,0,84.5555
1.03664,2,3,0,73.6487
1.03679,2,2,0,74.8744
1.03693,4,3,0,22.7949
1.03693,2,1,0,85.7387
1.03729,2,5,0,76.6592
1.0375,2,4,0,84.458
1.03764,2,3,0,73.682
1.03779,2,2,0,74.8816
1.03793,4,3,0,22.7213
1.03793,2,1,0,85.7391
1.03829,2,5,0,76.7152
1.0385,2,4,0,84.4263
1.03864,2,3,0,73.6191
1.03879,2,2,0,74.9406
1.03893,4,3,0,22.6739
1.03893,2,1,0,85.716
1.03993,2,1,0,3.12776
1.03993,4,3,0,-5.77029
1.04093,2,2,0,1.95308
1.04093,4,3,0,-6.25163
1.04129,4,5,0,71.9661
1.04143,4,4,0,75.9094
1.04157,4,3,0,63.5226
1.04171,4,2,0,69.1348
1.04186,4,1,0,78.7675
1.04193,2,5,0,65.3494
1.04193,2,4,0,74.8702
1.04193,2,3,0,62.3952
1.04193,2,1,0,74.136
1.04229,4,5,0,79.0618
1.0425,4,4,0,83.5169
1.04264,4,3,0,71.2106
1.04279,4,2,0,74.1269
1.04293,2,3,0,24.2729
1.04293,4,1,0,86.1637
1.04329,2,5,0,21.8086
1.04329,4,5,0,23.3982
1.0435,2,4,0,21.2733
1.0435,4,4,0,20.4947
1.04364,2,3,0,8.72806
1.04364,4,3,0,0.376697
1.04379,2,2,0,10.194
1.04379,4,2,0,12.0161
1.04393,2,1,0,10.7062
1.04393,4,1,0,58.9452
1.04429,4,5,0,79.1481
1.0445,4,4,0,83.5586
1.04464,4,3,0,71.3218
1.04479,4,2,0,74.1793
1.04493,2,1,0,36.3191
1.04493,4,1,0,86.1389
1.04529,4,5,0,79.1191
1.0455,4,4,0,83.5717
1.04564,4,3,0,71.3702
1.04579,4,2,0,74.1684
1.04593,2,2,0,25.4588
1.04593,4,1,0,86.1357
1.04629,2,5,0,21.858
1.04629,4,5,0,23.4029
1.0465,2,4,0,21.3145
1.0465,4,4,0,20.5819
1.04664,2,3,0,8.72048
1.04664,4,3,0,0.599487
1.04679,2,2,0,10.1605
1.04679,4,2,0,12.025
1.04693,2,1,0,10.5364
1.04693,4,1,0,58.7785
1.04729,2,5,0,21.888
1.04729,4,5,0,23.4641
1.0475,2,4,0,21.3369
1.0475,4,4,0,20.6542
1.04764,2,3,0,8.75119
1.04764,4,3,0,0.607018
1.04779,2,2,0,10.1558
1.04779,4,2,0,12.0418
1.04793,2,1,0,10.5931
1.04793,4,1,0,58.7087
1.04893,2,5,0,76.5655
1.04893,2,4,0,84.694
1.04893,2,3,0,72.6815
1.04893,2,1,0,85.6144
1.04893,4,3,0,1.43989
1.04929,4,5,0,79.2183
1.0495,4,4,0,83.6765
1.04964,4,3,0,71.3054
1.04979,4,2,0,74.3215
1.04993,2,2,0,25.5465
1.04993,4,1,0,86.0378
1.05029,2,5,0,21.86
1.05029,4,5,0,23.2757
1.0505,2,4,0,21.5254
1.0505,4,4,0,20.5958
1.05064,2,3,0,8.80244
1.05064,4,3,0,0.354249
1.05079,2,2,0,10.1403
1.05079,4,2,0,12.0877
1.05093,2,1,0,10.4153
1.05093,4,1,0,58.9023
1.05193,2,5,0,76.2569
1.05193,2,4,0,83.4841
1.05193,2,3,0,73.2347
1.05193,4,3,0,-0.713772
1.05293,2,5,0,74.339
1.05293,2,4,0,82.7123
1.05293,2,3,0,70.6655
1.05293,2,1,0,83.4346
1.05293,4,5,0,21.8759
1.05293,4,3,0,1.22496
1.05329,2,5,0,76.5168
1.0535,2,4,0,84.4473
1.05364,2,3,0,73.683
1.05379,2,2,0,75.0897
1.05393,4,3,0,22.6637
1.05393,2,1,0,85.591
1.05429,2,5,0,21.9793
1.05429,4,5,0,23.2595
1.0545,2,4,0,21.4638
1.0545,4,4,0,20.6764
1.05464,2,3,0,8.59534
1.05464,4,3,0,0.421797
1.05479,2,2,0,10.3744
1.05479,4,2,0,11.9612
1.05493,2,1,0,10.186
1.05493,4,1,0,58.6291
1.05593,2,1,0,9.58772
1.05593,4,5,0,78.5897
1.05593,4,4,0,82.6515
1.05593,4,3,0,71.256
1.05593,4,2,0,71.3609
1.05629,2,5,0,22.1815
1.05629,4,5,0,23.2468
1.0565,2,4,0,21.4043
1.0565,4,4,0,20.7874
1.05664,2,3,0,8.42359
1.05664,4,3,0,0.43562
1.05679,2,2,0,10.432
1.05679,4,2,0,11.9612
1.05693,2,1,0,10.3342
1.05693,4,1,0,58.7699
1.05786,2,5,0,75.4744
1.05786,2,4,0,83.6342
1.05793,4,3,0,60.8534
1.05829,2,5,0,22.1213
1.05829,4,5,0,23.1654
1.0585,2,4,0,21.2275
1.0585,4,4,0,20.9508
1.05864,2,3,0,8.49869
1.05864,4,3,0,0.313501
1.05879,2,2,0,10.4799
1.05879,4,2,0,12.0563
1.05893,2,1,0,10.272
1.05893,4,1,0,58.5281
1.05986,2,5,0,76.5993
1.05986,2,4,0,84.7475
1.05986,2,3,0,72.7759
1.05986,2,1,0,85.6245
1.05993,4,3,0,61.4307
1.06029,4,5,0,79.127
1.0605,4,4,0,84.1427
1.06064,4,3,0,71.4837
1.06079,4,2,0,74.3966
1.06093,2,1,0,36.1819
1.06093,4,1,0,85.9061
1.06129,2,5,0,76.4696
1.0615,2,4,0,84.3657
1.06164,2,3,0,73.7935
1.06179,2,2,0,75.3471
1.06193,4,3,0,22.9613
1.06193,2,1,0,85.7928
1.06229,2,5,0,22.1702
1.06229,4,5,0,23.2989
1.0625,2,4,0,21.5014
1.0625,4,4,0,21.2864
1.06264,2,3,0,8.77439
1.06264,4,3,0,0.382798
1.06279,2,2,0,10.6442
1.06279,4,2,0,12.16
1.06293,2,1,0,10.1685
1.06293,4,1,0,58.7552
1.06393,2,5,0,74.4686
1.06393,2,4,0,82.6023
1.06393,2,3,0,70.642
1.06393,2,1,0,83.5519
1.06393,4,5,0,22.1305
1.06393,4,3,0,1.19144
1.06429,2,5,0,22.2738
1.06429,4,5,0,23.4791
1.0645,2,4,0,21.4392
1.0645,4,4,0,21.3177
1.06464,2,3,0,9.00027
1.06464,4,3,0,0.45875
1.06479,2,2,0,10.616
1.06479,4,2,0,11.9263
1.06493,2,1,0,10.2178
1.06493,4,1,0,58.7931
1.06529,2,5,0,22.1524
1.06529,4,5,0,23.4923
1.0655,2,4,0,21.4861
1.0655,4,4,0,21.1769
1.06564,2,3,0,9.10334
1.06564,4,3,0,0.550737
1.06579,2,2,0,10.7413
1.06579,4,2,0,11.8803
1.06593,2,1,0,10.2081
1.06593,4,1,0,58.7286
1.06629,2,5,0,22.1938
1.06629,4,5,0,23.4938
1.0665,2,4,0,21.5851
1.0665,4,4,0,21.212
1.06664,2,3,0,9.23752
1.06664,4,3,0,0.650492
1.06679,2,2,0,10.7052
1.06679,4,2,0,11.9769
1.06693,2,1,0,10.1039
1.06693,4,1,0,58.9358
1.06729,2,5,0,76.6585
1.0675,2,4,0,84.2992
1.06764,2,3,0,73.9935
1.06779,2,2,0,75.4329
1.06793,4,3,0,23.0626
1.06793,2,1,0,85.8125
1.06829,2,5,0,76.7286
1.0685,2,4,0,84.2468
1.06864,2,3,0,74.0737
1.06879,2,2,0,75.4235
1.06893,4,3,0,23.0662
1.06893,2,1,0,85.7911
1.06929,2,5,0,76.7901
1.0695,2,4,0,84.1977
1.06964,2,3,0,74.0183
1.06979,2,2,0,75.401
1.06993,4,3,0,23.0951
1.06993,2,1,0,85.7714
1.07093,2,5,0,76.9406
1.07093,2,4,0,84.5925
1.07093,2,3,0,72.9855
1.07093,2,1,0,85.5638
1.07093,4,3,0,1.48843
1.07193,2,5,0,22.5504
1.07193,2,4,0,21.4507
1.07193,2,3,0,7.63566
1.07193,2,1,0,9.71903
1.07193,4,5,0,22.2399
1.07193,4,4,0,18.2663
1.07193,4,3,0,0.939282
1.07193,4,2,0,6.38857
1.07229,2,5,0,22.3948
1.07229,4,5,0,23.4289
1.0725,2,4,0,21.5016
1.0725,4,4,0,20.778
1.07264,2,3,0,9.24002
1.07264,4,3,0,0.421549
1.07279,2,2,0,10.8184
1.07279,4,2,0,11.5897
1.07293,2,1,0,10.144
1.07293,4,1,0,58.9295
1.07329,2,5,0,22.3661
1.07329,4,5,0,23.3922
1.0735,2,4,0,21.5839
1.0735,4,4,0,20.7018
1.07364,2,3,0,9.32899
1.07364,4,3,0,0.40242
1.07379,2,2,0,10.7029
1.07379,4,2,0,11.6426
1.07393,2,1,0,10.2629
1.07393,4,1,0,58.9128
1.07429,2,5,0,22.394
1.07429,4,5,0,23.4495
1.07443,2,4,0,21.422
1.0745,4,4,0,34.6085
1.07457,2,3,0,26.466
1.07464,4,3,0,24.0343
1.07471,2,2,0,27.6835
1.07479,4,2,0,26.3127
1.07486,2,1,0,38.0788
1.07493,4,1,0,83.0529
1.07529,2,5,0,76.8189
1.0755,2,4,0,84.1539
1.07564,2,3,0,74.1404
1.07579,2,2,0,75.4005
1.07593,4,3,0,23.0595
1.07593,2,1,0,85.8231
1.07693,2,3,0,4.04947
1.07693,2,1,0,3.9369
1.07693,4,3,0,-3.31237
1.07693,4,2,0,2.95781
1.07729,2,5,0,76.9136
1.0775,2,4,0,84.101
1.07764,2,3,0,74.0905
1.07779,2,2,0,75.4074
1.07793,4,3,0,23.0572
1.07793,2,1,0,85.7922
1.07893,2,5,0,76.0683
1.07893,2,4,0,82.9762
1.07893,2,3,0,72.9718
1.07893,2,2,0,75.2642
1.07893,4,3,0,0.905779
1.07993,2,5,0,76.7875
1.07993,2,4,0,83.5286
1.07993,2,3,0,74.0313
1.07993,2,2,0,75.782
1.07993,2,1,0,84.643
1.07993,4,3,0,0.718633
1.08029,2,5,0,22.4397
1.08029,4,5,0,23.6383
1.0805,2,4,0,21.5255
1.0805,4,4,0,20.5429
1.08064,2,3,0,9.30652
1.08064,4,3,0,0.304305
1.08079,2,2,0,10.6962
1.08079,4,2,0,11.4802
1.08093,2,1,0,10.0113
1.08093,4,1,0,58.6159
1.08193,2,3,0,4.69146
1.08193,2,1,0,4.36996
1.08193,4,3,0,-3.81259
1.08193,4,2,0,2.00727
1.08229,2,5,0,22.3954
1.08229,4,5,0,23.5652
1.0825,2,4,0,21.5302
1.0825,4,4,0,20.3377
1.08264,2,3,0,9.27587
1.08264,4,3,0,0.28421
1.08279,2,2,0,10.8126
1.08279,4,2,0,11.5499
1.08293,2,1,0,10.0507
1.08293,4,1,0,58.3534
1.08329,2,5,0,76.8407
1.0835,2,4,0,84.1816
1.08364,2,3,0,74.2737
1.08379,2,2,0,75.3076
1.08393,4,3,0,22.981
1.08393,2,1,0,85.7038
1.08429,2,5,0,76.8781
1.0845,2,4,0,84.0423
1.08464,2,3,0,74.2129
1.08479,2,2,0,75.3074
1.08493,4,3,0,22.9655
1.08493,2,1,0,85.6962
1.08593,2,3,0,6.21028
1.08593,2,2,0,8.08022
1.08593,2,1,0,6.30144
1.08593,4,4,0,74.9011
1.08593,4,3,0,62.7489
1.08593,4,2,0,65.7618
1.08629,2,5,0,22.3511
1.08629,4,5,0,23.1908
1.0865,2,4,0,21.7381
1.0865,4,4,0,19.9345
1.08664,2,3,0,8.98677
1.08664,4,3,0,0.162114
1.08679,2,2,0,10.8342
1.08679,4,2,0,11.3769
1.08693,2,1,0,10.2283
1.08693,4,1,0,58.4864
1.08793,2,5,0,72.7016
1.08793,2,4,0,79.8092
1.08793,2,2,0,71.8752
1.08793,4,4,0,16.6751
1.08793,4,3,0,-0.47223
1.08829,2,5,0,22.2851
1.08829,4,5,0,22.9664
1.0885,2,4,0,21.6925
1.0885,4,4,0,19.8411
1.08864,2,3,0,8.91387
1.08864,4,3,0,0.300588
1.08879,2,2,0,10.859
1.08879,4,2,0,11.4578
1.08893,2,1,0,10.2798
1.08893,4,1,0,58.4656
1.08929,2,5,0,22.2202
1.08929,4,5,0,22.9901
1.0895,2,4,0,21.7657
1.0895,4,4,0,19.8116
1.08964,2,3,0,8.9615
1.08964,4,3,0,0.422445
1.08979,2,2,0,10.8336
1.08979,4,2,0,11.4766
1.08993,2,1,0,10.1831
1.08993,4,1,0,58.4639
1.09086,4,4,0,15.4165
1.09086,4,3,0,-1.38814
1.09093,2,3,0,63.2826
1.09093,2,2,0,68.3247
1.09093,2,1,0,75.8482
1.09129,2,5,0,76.7918
1.0915,2,4,0,84.208
1.09164,2,3,0,74.2617
1.09179,2,2,0,75.3817
1.09193,4,3,0,22.8874
1.09193,2,1,0,85.596
1.09229,2,5,0,74.9026
1.0925,2,4,0,82.6641
1.09264,2,3,0,72.743
1.09279,2,2,0,73.8309
1.09293,4,4,0,33.0611
1.09293,4,3,0,22.7248
1.09293,2,1,0,84.0861
1.09329,2,5,0,76.6476
1.09343,2,4,0,84.1308
1.09357,2,3,0,74.1705
1.09371,2,2,0,75.3098
1.09386,4,3,0,23.1715
1.09386,2,1,0,85.634
1.09493,2,5,0,75.9235
1.09493,2,4,0,83.1557
1.09493,2,3,0,73.1385
1.09493,2,2,0,75.1971
1.09493,4,3,0,0.894444
1.09593,2,1,0,2.52334
1.09593,4,3,0,50.517
1.09629,2,5,0,22.1361
1.09629,4,5,0,23.3869
1.0965,2,4,0,21.956
1.0965,4,4,0,19.6403
1.09664,2,3,0,9.03174
1.09664,4,3,0,0.211844
1.09679,2,2,0,11.0266
1.09679,4,2,0,11.665
1.09693,2,1,0,10.1172
1.09693,4,1,0,58.0468
1.09729,2,5,0,22.0928
1.09729,4,5,0,23.3523
1.0975,2,4,0,22.02
1.0975,4,4,0,19.6114
1.09764,2,3,0,9.06195
1.09764,4,3,0,0.175329
1.09779,2,2,0,10.9576
1.09779,4,2,0,11.5652
1.09793,2,1,0,10.0696
1.09793,4,1,0,58.2212
1.09829,2,5,0,22.0185
1.09829,4,5,0,23.3162
1.0985,2,4,0,22.0237
1.0985,4,4,0,19.5515
1.09864,2,3,0,9.10202
1.09864,4,3,0,0.206996
1.09879,2,2,0,10.8946
1.09879,4,2,0,11.5565
1.09893,2,1,0,10.0389
1.09893,4,1,0,58.2242
1.09929,2,5,0,76.6427
1.0995,2,4,0,84.2929
1.09964,2,3,0,74.2818
1.09979,2,2,0,75.2947
1.09993,4,3,0,22.6268
1.09993,2,1,0,85.7116
1.10029,4,5,0,79.0387
1.1005,4,4,0,82.8009
1.10064,4,3,0,71.1117
1.10079,4,2,0,73.7505
1.10093,2,1,0,36.0631
1.10093,4,1,0,85.5528
1.10186,2,3,0,72.4689
1.10186,2,2,0,74.0504
1.10186,2,1,0,84.8353
1.10193,4,3,0,61.1511
1.10293,2,5,0,75.5462
1.10293,2,4,0,83.2269
1.10293,2,3,0,72.7943
1.10293,2,2,0,75.0103
1.10293,4,3,0,0.927269
1.10386,4,4,0,16.4482
1.10386,4,3,0,0.266764
1.10393,2,5,0,73.3895
1.10393,2,4,0,81.4801
1.10393,2,3,0,71.546
1.10393,2,1,0,82.365
1.10429,4,5,0,78.0544
1.1045,4,4,0,81.998
1.10464,4,3,0,69.9852
1.10479,4,2,0,73.4222
1.10493,2,2,0,25.4978
1.10493,2,1,0,36.1425
1.10493,4,1,0,84.5668
1.10529,2,5,0,75.7946
1.1055,2,4,0,83.777
1.10564,2,3,0,73.5944
1.10579,2,2,0,74.6425
1.10593,4,4,0,34.1649
1.10593,2,1,0,85.1832
1.10629,4,5,0,79.0575
1.1065,4,4,0,82.9822
1.10664,4,3,0,71.2309
1.10679,4,2,0,73.7443
1.10693,2,3,0,24.6625
1.10693,4,1,0,85.6565
1.10729,2,5,0,76.4159
1.1075,2,4,0,84.0383
1.10764,2,3,0,74.0599
1.10779,2,2,0,75.0581
1.10793,4,3,0,22.6801
1.10793,2,1,0,85.5401
1.10829,2,5,0,74.5627
1.1085,2,4,0,82.5281
1.10864,2,3,0,72.4341
1.10879,2,2,0,73.4916
1.10893,4,4,0,34.041
1.10893,4,3,0,23.1322
1.10893,2,1,0,83.9521
1.10929,2,5,0,21.8434
1.10929,4,5,0,23.3107
1.1095,2,4,0,21.8382
1.1095,4,4,0,19.6718
1.10964,2,3,0,9.06034
1.10964,4,3,0,0.636896
1.10979,2,2,0,10.8463
1.10979,4,2,0,11.5003
1.10993,2,1,0,10.2467
1.10993,4,1,0,58.1952
1.11029,4,5,0,72.0973
1.11043,4,4,0,75.4493
1.11057,4,3,0,63.4572
1.11071,4,2,0,68.6946
1.11086,4,1,0,78.3537
1.11093,2,5,0,61.7113
1.11093,2,4,0,69.7945
1.11093,2,3,0,62.1689
1.11093,2,2,0,65.0087
1.11129,4,5,0,79.2126
1.1115,4,4,0,83.0103
1.11164,4,3,0,71.2325
1.11179,4,2,0,73.6888
1.11193,2,1,0,35.888
1.11193,4,1,0,85.6716
1.11229,2,5,0,21.8723
1.11229,4,5,0,23.5218
1.1125,2,4,0,21.8121
1.1125,4,4,0,19.6464
1.11264,2,3,0,9.10736
1.11264,4,3,0,0.679381
1.11279,2,2,0,10.8814
1.11279,4,2,0,11.4742
1.11293,2,1,0,10.2265
1.11293,4,1,0,58.1304
1.11329,4,5,0,72.3029
1.1135,4,4,0,75.3514
1.11364,4,3,0,63.4461
1.11379,4,2,0,68.6814
1.11393,2,5,0,28.2223
1.11393,2,4,0,34.3296
1.11393,2,3,0,24.7093
1.11393,2,1,0,34.8133
1.11393,4,1,0,78.192
1.11493,2,5,0,71.3835
1.11493,2,4,0,79.1718
1.11493,2,3,0,69.6446
1.11493,2,2,0,71.1783
1.11493,4,5,0,22.6144
1.11493,4,3,0,-0.377765
1.11493,4,2,0,7.9084
1.11593,2,2,0,9.45114
1.11593,2,1,0,7.32068
1.11593,4,5,0,77.5721
1.11593,4,4,0,80.2302
1.11593,4,3,0,68.4722
1.11593,4,2,0,71.2829
1.11629,2,5,0,75.6345
1.1165,2,4,0,83.6263
1.11664,2,3,0,73.5483
1.11679,2,2,0,74.56
1.11693,4,4,0,34.199
1.11693,2,1,0,84.8196
1.11793,2,5,0,19.9215
1.11793,2,4,0,18.9824
1.11793,2,2,0,10.1162
1.11793,2,1,0,6.18522
1.11793,4,5,0,23.24
1.11793,4,4,0,17.458
1.11793,4,3,0,-0.141993
1.11793,4,2,0,10.0357
1.11893,2,3,0,8.51642
1.11893,4,5,0,79.0037
1.11893,4,4,0,81.8872
1.11893,4,3,0,70.279
1.11893,4,2,0,72.9143
1.11993,2,5,0,74.0229
1.11993,2,4,0,81.5102
1.11993,2,3,0,71.7734
1.11993,4,3,0,-1.01627
1.11993,4,2,0,6.91398
1.12029,4,5,0,78.1925
1.1205,4,4,0,82.0174
1.12064,4,3,0,69.9452
1.12079,4,2,0,73.4244
1.12093,2,2,0,25.2893
1.12093,2,1,0,35.6564
1.12093,4,1,0,84.7384
1.12129,4,5,0,72.0545
1.12143,4,4,0,75.4313
1.12157,4,3,0,63.5076
1.12171,4,2,0,68.8466
1.12186,4,1,0,78.4073
1.12193,2,5,0,64.8662
1.12193,2,4,0,73.5281
1.12193,2,3,0,63.5251
1.12193,2,2,0,63.946
1.12293,2,2,0,5.91559
1.12293,2,1,0,3.80362
1.12293,4,3,0,-3.06374
1.12293,4,2,0,2.89448
1.12329,4,5,0,79.0797
1.1235,4,4,0,82.9419
1.12364,4,3,0,71.2035
1.12379,4,2,0,73.8311
1.12393,2,3,0,24.5232
1.12393,4,1,0,85.9938
1.12429,2,5,0,76.0395
1.1245,2,4,0,84.0302
1.12464,2,3,0,73.9907
1.12479,2,2,0,74.9355
1.12493,4,2,0,23.3001
1.12493,2,1,0,85.1317
1.12529,2,5,0,21.8082
1.12529,4,5,0,22.9512
1.1255,2,4,0,21.6622
1.1255,4,4,0,19.4812
1.12564,2,3,0,9.12432
1.12564,4,3,0,0.700946
1.12579,2,2,0,10.7426
1.12579,4,2,0,11.2736
1.12593,2,1,0,10.2289
1.12593,4,1,0,58.4666
1.12629,2,5,0,70.6464
1.1265,2,4,0,78.6176
1.12664,2,3,0,68.6982
1.12679,2,2,0,69.6567
1.12693,4,5,0,30.4811
1.12693,4,4,0,32.7218
1.12693,4,3,0,21.2105
1.12693,4,2,0,23.1965
1.12693,2,1,0,79.8745
1.12793,2,2,0,5.54889
1.12793,2,1,0,3.91416
1.12793,4,3,0,-3.22651
1.12793,4,2,0,2.62679
1.12829,2,5,0,21.9661
1.12829,4,5,0,22.9665
1.1285,2,4,0,21.6374
1.1285,4,4,0,19.5695
1.12864,2,3,0,9.15026
1.12864,4,3,0,0.675064
1.12879,2,2,0,10.5442
1.12879,4,2,0,11.2335
1.12893,2,1,0,10.1736
1.12893,4,1,0,58.4261
1.12929,2,5,0,21.7807
1.12929,4,5,0,22.9784
1.1295,2,4,0,21.6546
1.1295,4,4,0,19.6209
1.12964,2,3,0,8.9891
1.12964,4,3,0,0.691976
1.12979,2,2,0,10.5239
1.12979,4,2,0,11.2182
1.12993,2,1,0,10.1065
1.12993,4,1,0,58.3337
1.13093,2,5,0,21.0887
1.13093,2,4,0,19.6575
1.13093,2,3,0,7.22899
1.13093,4,5,0,20.7208
1.13093,4,4,0,15.3262
1.13093,4,3,0,-0.757044
1.13129,4,5,0,72.0485
1.1315,4,4,0,75.2895
1.13164,4,3,0,63.4641
1.13179,4,2,0,68.8443
1.13193,2,5,0,27.4137
1.13193,2,4,0,33.6045
1.13193,2,3,0,23.5192
1.13193,2,2,0,25.3916
1.13193,4,1,0,78.4776
1.13229,4,5,0,78.9871
1.1325,4,4,0,82.8798
1.13264,4,3,0,71.2268
1.13279,4,2,0,73.8488
1.13293,2,1,0,35.6847
1.13293,4,1,0,85.8393
1.13393,2,5,0,75.9575
1.13393,2,4,0,82.9734
1.13393,2,3,0,73.436
1.13393,4,3,0,-0.364726
1.13493,2,5,0,21.0304
1.13493,2,4,0,18.8807
1.13493,2,3,0,8.54198
1.13493,4,5,0,72.7808
1.13493,4,4,0,75.9358
1.13493,4,3,0,63.4129
1.13493,4,2,0,69.099
1.13593,2,3,0,5.85745
1.13593,4,4,0,80.5469
1.13593,4,3,0,70.5868
1.13629,2,5,0,21.9044
1.13629,4,5,0,22.8316
1.1365,2,4,0,21.27
1.1365,4,4,0,20.1183
1.13664,2,3,0,9.34096
1.13664,4,3,0,0.527362
1.13679,2,2,0,10.5985
1.13679,4,2,0,11.3244
1.13693,2,1,0,10.1074
1.13693,4,1,0,57.9803
1.13729,2,5,0,75.6123
1.13743,2,4,0,83.3501
1.13757,2,3,0,73.5823
1.13771,2,2,0,74.3542
1.13786,2,1,0,84.5506
1.13793,4,4,0,73.1532
1.13829,4,5,0,77.2897
1.1385,4,4,0,81.4651
1.13864,4,3,0,69.3983
1.13879,4,2,0,73.2789
1.13893,2,5,0,28.6115
1.13893,2,3,0,24.7056
1.13893,4,1,0,84.0121
1.13986,2,5,0,73.1508
1.13986,2,4,0,80.6234
1.13986,2,3,0,71.1716
1.13993,4,4,0,70.7963
1.13993,4,3,0,61.1346
1.14029,2,5,0,22.1424
1.14029,4,5,0,22.8634
1.1405,2,4,0,21.2971
1.1405,4,4,0,20.4087
1.14064,2,3,0,9.36483
1.14064,4,3,0,0.418765
1.14079,2,2,0,10.7773
1.14079,4,2,0,11.5638
1.14093,2,1,0,10.1805
1.14093,4,1,0,57.8368
1.14193,2,5,0,72.7209
1.14193,4,3,0,-4.32006
1.14229,4,5,0,78.8498
1.1425,4,4,0,83.2861
1.14264,4,3,0,71.2968
1.14279,4,2,0,73.9122
1.14293,2,4,0,34.6088
1.14293,4,1,0,85.7212
1.14329,2,5,0,69.0239
1.1435,2,4,0,76.697
1.14364,2,3,0,66.8945
1.14379,2,2,0,67.9611
1.14393,4,5,0,30.2257
1.14393,4,4,0,33.1519
1.14393,4,3,0,21.249
1.14393,4,2,0,23.8271
1.14393,2,1,0,78.0601
1.14429,2,5,0,22.3785
1.14429,4,5,0,22.7097
1.1445,2,4,0,21.4122
1.1445,4,4,0,20.4363
1.14464,2,3,0,9.24494
1.14464,4,3,0,0.326934
1.14479,2,2,0,10.857
1.14479,4,2,0,11.2977
1.14493,2,1,0,10.1062
1.14493,4,1,0,57.6962
1.14593,2,5,0,71.937
1.14593,2,2,0,70.1024
1.14593,2,1,0,80.3205
1.14593,4,5,0,19.7182
1.14593,4,3,0,-0.405697
1.14629,2,5,0,76.4693
1.1465,2,4,0,84.012
1.14664,2,3,0,73.9797
1.14679,2,2,0,75.0192
1.14693,4,3,0,22.6392
1.14693,2,1,0,84.9714
1.14729,2,5,0,22.4137
1.14729,4,5,0,22.7384
1.1475,2,4,0,21.5399
1.1475,4,4,0,20.3406
1.14764,2,3,0,9.2308
1.14764,4,3,0,0.234316
1.14779,2,2,0,10.808
1.14779,4,2,0,11.0318
1.14793,2,1,0,10.2438
1.14793,4,1,0,57.4214
1.14829,4,5,0,71.7169
1.1485,4,4,0,75.6034
1.14864,4,3,0,63.4274
1.14879,4,2,0,68.6656
1.14893,2,5,0,27.8356
1.14893,2,4,0,33.7548
1.14893,2,3,0,23.6205
1.14893,2,2,0,25.5536
1.14893,4,1,0,78.1492
1.14993,2,5,0,22.7523
1.14993,2,4,0,20.5748
1.14993,2,3,0,8.55289
1.14993,2,1,0,8.75526
1.14993,4,5,0,21.5643
1.14993,4,4,0,16.7565
1.14993,4,3,0,-0.330102
1.14993,4,2,0,6.52752
1.15093,2,2,0,72.398
1.15093,2,1,0,82.7975
1.15093,4,3,0,-2.77104
1.15129,4,5,0,78.8275
1.1515,4,4,0,83.1839
1.15164,4,3,0,71.1089
1.15179,4,2,0,73.6922
1.15193,2,2,0,25.6041
1.15193,4,1,0,85.454
1.15293,2,5,0,73.0152
1.15293,4,3,0,-4.61442
1.15329,2,5,0,69.2446
1.1535,2,4,0,76.7856
1.15364,2,3,0,66.9491
1.15379,2,2,0,67.9613
1.15393,4,5,0,29.8929
1.15393,4,4,0,33.0039
1.15393,4,3,0,21.9888
1.15393,4,2,0,21.5371
1.15393,2,1,0,77.9981
1.15486,2,3,0,63.5119
1.15486,2,1,0,75.2788
1.15493,4,3,0,61.2922
1.15493,4,2,0,61.6753
1.15529,4,5,0,78.9473
1.1555,4,4,0,83.2488
1.15564,4,3,0,71.1722
1.15579,4,2,0,73.8129
1.15593,2,2,0,25.6246
1.15593,4,1,0,85.44
1.15629,2,5,0,22.7073
1.15629,4,5,0,23.1114
1.1565,2,4,0,21.4225
1.1565,4,4,0,20.3321
1.15664,2,3,0,9.18528
1.15664,4,3,0,0.344063
1.15679,2,2,0,11.1435
1.15679,4,2,0,11.4917
1.15693,2,1,0,10.1782
1.15693,4,1,0,57.334
1.15729,2,5,0,76.6424
1.1575,2,4,0,84.0992
1.15764,2,3,0,73.9568
1.15779,2,2,0,74.9877
1.15793,4,3,0,22.6963
1.15793,2,1,0,84.9685
1.15829,2,5,0,22.6198
1.15829,4,5,0,23.2203
1.1585,2,4,0,21.2979
1.1585,4,4,0,20.4229
1.15864,2,3,0,9.1187
1.15864,4,3,0,0.410385
1.15879,2,2,0,11.1754
1.15879,4,2,0,11.6103
1.15893,2,1,0,10.1179
1.15893,4,1,0,57.4864
1.15929,4,5,0,78.1858
1.1595,4,4,0,82.4166
1.15964,4,3,0,69.9889
1.15979,4,2,0,73.5793
1.15993,2,3,0,23.8682
1.15993,2,1,0,35.4413
1.15993,4,1,0,84.3045
1.16029,2,5,0,22.6165
1.16029,4,5,0,23.2479
1.1605,2,4,0,21.4006
1.1605,4,4,0,20.6486
1.16064,2,3,0,9.26338
1.16064,4,3,0,0.436097
1.16079,2,2,0,11.4074
1.16079,4,2,0,11.6514
1.16093,2,1,0,9.94431
1.16093,4,1,0,57.3059
1.16193,2,2,0,72.6297
1.16193,2,1,0,82.6827
1.16193,4,3,0,-2.62746
1.16229,4,5,0,79.0641
1.1625,4,4,0,83.5706
1.16264,4,3,0,71.3102
1.16279,4,2,0,74.1466
1.16293,2,2,0,25.8121
1.16293,4,1,0,85.63
1.16393,2,5,0,22.103
1.16393,2,2,0,10.2423
1.16393,2,1,0,7.65079
1.16393,4,5,0,74.5711
1.16393,4,4,0,78.155
1.16393,4,3,0,65.3565
1.16393,4,2,0,70.8551
1.16429,2,5,0,72.4131
1.1645,2,4,0,80.2716
1.16464,2,3,0,70.1439
1.16479,2,2,0,71.1279
1.16493,4,5,0,30.0184
1.16493,4,4,0,33.1788
1.16493,4,3,0,22.374
1.16493,2,1,0,80.9513
1.16529,2,5,0,69.4308
1.1655,2,4,0,76.9983
1.16564,2,3,0,67.1209
1.16579,2,2,0,68.0662
1.16593,4,5,0,30.4001
1.16593,4,4,0,33.2594
1.16593,4,3,0,21.327
1.16593,4,2,0,23.9413
1.16593,2,1,0,77.9745
1.16693,2,2,0,3.05387
1.16693,4,3,0,-6.05562
1.16729,2,5,0,22.6976
1.16729,4,5,0,23.4638
1.1675,2,4,0,21.6843
1.1675,4,4,0,20.3201
1.16764,2,3,0,9.46504
1.16764,4,3,0,0.368615
1.16779,2,2,0,11.1914
1.16779,4,2,0,11.3864
1.16793,2,1,0,9.65161
1.16793,4,1,0,57.8373
1.16893,2,2,0,69.5935
1.16893,2,1,0,79.6407
1.16893,4,4,0,15.2009
1.16929,2,5,0,22.8615
1.16929,4,5,0,23.496
1.1695,2,4,0,21.5848
1.1695,4,4,0,20.1297
1.16964,2,3,0,9.53356
1.16964,4,3,0,0.315208
1.16979,2,2,0,11.335
1.16979,4,2,0,11.3262
1.16993,2,1,0,9.5571
1.16993,4,1,0,57.9689
1.17086,4,3,0,61.3582
1.17086,4,2,0,60.9264
1.17093,2,3,0,52.3636
1.17093,2,1,0,73.0004
1.17129,2,5,0,22.9798
1.17129,4,5,0,23.2408
1.1715,2,4,0,21.67
1.1715,4,4,0,20.0329
1.17164,2,3,0,9.58259
1.17164,4,3,0,0.483903
1.17179,2,2,0,11.3791
1.17179,4,2,0,11.4062
1.17193,2,1,0,9.48901
1.17193,4,1,0,57.9369
1.17293,2,2,0,6.84846
1.17293,2,1,0,5.75044
1.17293,4,4,0,75.898
1.17293,4,3,0,65.7724
1.17329,4,5,0,78.832
1.17343,4,4,0,83.1165
1.17357,4,3,0,71.2918
1.17371,4,2,0,73.9864
1.17386,2,2,0,26.1073
1.17386,4,1,0,85.379
1.17493,2,2,0,9.27136
1.17493,4,5,0,78.0188
1.17493,4,4,0,81.6922
1.17493,4,3,0,71.3525
1.17529,2,5,0,76.7431
1.1755,2,4,0,84.1579
1.17564,2,3,0,74.3813
1.17579,2,2,0,75.1036
1.17593,4,3,0,22.8729
1.17593,2,1,0,84.5801
1.17693,2,3,0,8.25428
1.17693,2,1,0,8.56301
1.17693,4,5,0,77.0896
1.17693,4,4,0,80.6295
1.17693,4,3,0,69.9004
1.17693,4,2,0,70.4034
1.17729,4,5,0,78.8649
1.1775,4,4,0,83.0377
1.17764,4,3,0,71.4581
1.17779,4,2,0,73.9409
1.17793,2,1,0,35.0228
1.17793,4,1,0,85.5316
1.17829,2,5,0,22.6298
1.17829,4,5,0,23.1594
1.1785,2,4,0,21.4879
1.1785,4,4,0,19.8812
1.17864,2,3,0,9.49694
1.17864,4,3,0,0.483313
1.17879,2,2,0,11.5585
1.17879,4,2,0,11.4442
1.17893,2,1,0,9.22725
1.17893,4,1,0,57.4019
1.17929,2,5,0,22.6377
1.17929,4,5,0,23.2249
1.1795,2,4,0,21.4658
1.1795,4,4,0,19.9105
1.17964,2,3,0,9.47621
1.17964,4,3,0,0.565319
1.17979,2,2,0,11.6169
1.17979,4,2,0,11.5358
1.17993,2,1,0,9.32153
1.17993,4,1,0,57.5754
1.18029,2,5,0,22.7078
1.18029,4,5,0,23.2813
1.1805,2,4,0,21.5406
1.1805,4,4,0,20.0131
1.18064,2,3,0,9.5868
1.18064,4,3,0,0.515421
1.18079,2,2,0,11.6345
1.18079,4,2,0,11.4703
1.18093,2,1,0,9.3075
1.18093,4,1,0,57.2711
1.18129,2,5,0,76.1405
1.18143,2,4,0,83.7034
1.18157,2,3,0,74.1078
1.18171,2,2,0,74.6945
1.18186,2,1,0,84.1845
1.18193,4,4,0,72.1188
1.18229,2,5,0,22.5837
1.18229,4,5,0,23.263
1.1825,2,4,0,21.6624
1.1825,4,4,0,20.256
1.18264,2,3,0,9.57853
1.18264,4,3,0,0.347714
1.18279,2,2,0,11.4644
1.18279,4,2,0,11.4491
1.18293,2,1,0,9.30065
1.18293,4,1,0,57.2333
1.18329,2,5,0,76.5849
1.1835,2,4,0,84.2008
1.18364,2,3,0,74.5484
1.18379,2,2,0,75.0468
1.18386,4,3,0,23.2832
1.18393,2,1,0,84.9906
1.18493,2,2,0,10.7702
1.18493,4,5,0,78.753
1.18493,4,4,0,81.9732
1.18493,4,3,0,70.6298
1.18493,4,2,0,73.083
1.18593,2,2,0,10.7709
1.18593,4,5,0,78.7716
1.18593,4,4,0,81.834
1.18593,4,3,0,70.6279
1.18593,4,2,0,73.1345
1.18629,4,5,0,68.8658
1.1865,4,4,0,71.8827
1.18664,4,3,0,60.733
1.18679,4,2,0,65.9588
1.18693,2,5,0,28.853
1.18693,2,4,0,35.6138
1.18693,2,3,0,24.4102
1.18693,2,2,0,25.338
1.18693,2,1,0,35.1736
1.18693,4,1,0,74.8949
1.18793,2,5,0,22.8716
1.18793,2,4,0,21.8361
1.18793,2,3,0,7.82791
1.18793,2,1,0,9.08552
1.18793,4,5,0,21.7635
1.18793,4,4,0,17.0955
1.18793,4,3,0,0.459535
1.18793,4,2,0,6.38557
1.18829,4,5,0,78.8334
1.1885,4,4,0,82.6407
1.18864,4,3,0,71.4706
1.18879,4,2,0,74.1035
1.18893,2,2,0,25.5221
1.18893,4,1,0,85.4228
1.18929,4,5,0,78.8333
1.1895,4,4,0,82.7369
1.18964,4,3,0,71.4474
1.18979,4,2,0,74.0865
1.18993,2,2,0,25.6424
1.18993,4,1,0,85.4907
1.19029,2,5,0,22.7268
1.19029,4,5,0,23.206
1.19043,4,4,0,19.7784
1.1905,2,4,0,34.981
1.19057,4,3,0,23.9809
1.19064,2,3,0,27.0583
1.19071,4,2,0,26.265
1.19079,2,2,0,27.2705
1.19086,4,1,0,57.052
1.19093,2,1,0,79.9621
1.19129,2,5,0,75.6072
1.1915,2,4,0,83.2822
1.19164,2,3,0,73.7605
1.19179,2,2,0,73.9
1.19193,4,3,0,22.2028
1.19193,4,2,0,22.5422
1.19193,2,1,0,83.5269
1.19293,2,3,0,5.1283
1.19293,4,3,0,69.386
1.19293,4,2,0,68.4425
1.19329,2,5,0,22.744
1.19329,4,5,0,23.2504
1.1935,2,4,0,21.6372
1.1935,4,4,0,19.7173
1.19364,2,3,0,9.37227
1.19364,4,3,0,0.0894301
1.19379,2,2,0,11.3385
1.19379,4,2,0,11.7121
1.19393,2,1,0,9.05839
1.19393,4,1,0,57.2807
1.19429,2,5,0,22.9436
1.19429,4,5,0,23.3459
1.1945,2,4,0,21.4639
1.1945,4,4,0,19.7924
1.19464,2,3,0,9.38851
1.19464,4,3,0,-0.101116
1.19479,2,2,0,11.3263
1.19479,4,2,0,11.6923
1.19493,2,1,0,8.97565
1.19493,4,1,0,57.0427
1.19593,2,5,0,21.9849
1.19593,2,3,0,8.44237
1.19593,4,5,0,76.2903
1.19593,4,4,0,78.884
1.19593,4,3,0,67.5669
1.19593,4,2,0,71.1374
1.19629,4,5,0,71.9966
1.1965,4,4,0,74.8896
1.19664,4,3,0,63.7057
1.19679,4,2,0,69.1364
1.19693,2,5,0,29.0502
1.19693,2,4,0,35.1986
1.19693,2,3,0,24.6228
1.19693,2,1,0,34.888
1.19693,4,1,0,78.239
1.19729,2,5,0,76.8233
1.1975,2,4,0,83.9909
1.19764,2,3,0,74.6841
1.19779,2,2,0,74.857
1.19793,4,3,0,22.8776
1.19793,2,1,0,84.45
1.19893,2,4,0,81.6701
1.19893,2,2,0,73.3929
1.19893,4,3,0,-2.59913
1.19993,2,4,0,18.4667
1.19993,2,2,0,10.3463
1.19993,4,5,0,76.7607
1.19993,4,4,0,79.2266
1.19993,4,3,0,67.8898
1.19993,4,2,0,72.2951
1.20029,2,5,0,76.8011
1.2005,2,4,0,83.8856
1.20064,2,3,0,74.5843
1.20079,2,2,0,74.6432
1.20093,4,4,0,33.5047
1.20093,2,1,0,84.3462
1.20129,2,5,0,75.49
1.2015,2,4,0,82.6375
1.20164,2,3,0,73.4085
1.20179,2,2,0,73.4471
1.20186,4,3,0,23.0073
1.20186,4,2,0,20.825
1.20193,2,1,0,83.4291
1.20229,2,5,0,23.1973
1.20229,4,5,0,23.202
1.2025,2,4,0,21.0738
1.2025,4,4,0,19.3704
1.20264,2,3,0,9.505
1.20264,4,3,0,-0.202952
1.20279,2,2,0,11.2756
1.20279,4,2,0,12.1556
1.20293,2,1,0,9.10459
1.20293,4,1,0,56.9364
1.20329,2,5,0,76.9495
1.2035,2,4,0,83.8779
1.20364,2,3,0,74.4654
1.20379,2,2,0,74.6849
1.20393,4,3,0,22.627
1.20393,2,1,0,84.2486
1.20429,4,5,0,78.7196
1.2045,4,4,0,81.9662
1.20464,4,3,0,71.1389
1.20479,4,2,0,74.1796
1.20493,2,2,0,25.301
1.20493,4,1,0,85.6079
1.20529,2,5,0,23.204
1.20529,4,5,0,22.9976
1.2055,2,4,0,21.059
1.2055,4,4,0,19.2029
1.20564,2,3,0,9.6465
1.20564,4,3,0,-0.483796
1.20579,2,2,0,11.3231
1.20579,4,2,0,12.3108
1.20593,2,1,0,9.15875
1.20593,4,1,0,56.69
1.20629,2,5,0,23.221
1.20629,4,5,0,22.9327
1.2065,2,4,0,20.8898
1.2065,4,4,0,19.142
1.20664,2,3,0,9.56945
1.20664,4,3,0,-0.512687
1.20679,2,2,0,11.1699
1.20679,4,2,0,12.2892
1.20693,2,1,0,9.22808
1.20693,4,1,0,56.905
1.20793,2,5,0,74.7267
1.20793,2,4,0,82.1228
1.20793,2,3,0,71.4959
1.20793,2,1,0,81.9173
1.20793,4,5,0,21.5182
1.20793,4,3,0,0.343081
1.20829,2,5,0,23.025
1.20829,4,5,0,22.9065
1.2085,2,4,0,20.8007
1.2085,4,4,0,19.027
1.20864,2,3,0,9.58828
1.20864,4,3,0,-0.45139
1.20879,2,2,0,11.0128
1.20879,4,2,0,12.3425
1.20893,2,1,0,9.12147
1.20893,4,1,0,56.7222
1.20929,2,5,0,22.995
1.20929,4,5,0,22.8527
1.2095,2,4,0,20.7548
1.2095,4,4,0,18.8898
1.20964,2,3,0,9.64758
1.20964,4,3,0,-0.472694
1.20979,2,2,0,11.1315
1.20979,4,2,0,12.3033
1.20993,2,1,0,9.04532
1.20993,4,1,0,56.7055
1.21093,2,5,0,23.3482
1.21093,2,3,0,7.98237
1.21093,2,2,0,9.76109
1.21093,2,1,0,8.56068
1.21093,4,5,0,69.0451
1.21093,4,4,0,71.2135
1.21093,4,3,0,61.0252
1.21093,4,2,0,64.936
1.21193,2,5,0,21.1595
1.21193,2,4,0,17.9006
1.21193,2,3,0,7.79363
1.21193,2,2,0,10.4095
1.21193,4,5,0,22.605
1.21193,4,4,0,16.5858
1.21193,4,3,0,-1.28729
1.21193,4,2,0,10.8471
1.21293,2,4,0,82.8228
1.21293,2,1,0,82.7981
1.21293,4,3,0,-2.55629
1.21393,2,1,0,1.15447
1.21393,4,3,0,-6.67842
1.21493,2,5,0,76.7984
1.21493,2,4,0,82.9615
1.21493,2,3,0,74.3638
1.21493,2,1,0,82.9707
1.21493,4,3,0,-0.761723
1.21593,2,3,0,72.4202
1.21593,2,2,0,73.5506
1.21593,2,1,0,81.0525
1.21593,4,2,0,8.8111
1.21693,2,3,0,4.77685
1.21693,2,2,0,7.02034
1.21693,4,4,0,74.195
1.21693,4,3,0,65.3185
1.21729,2,5,0,22.6391
1.21729,4,5,0,22.9801
1.21743,2,4,0,20.655
1.2175,4,4,0,32.4901
1.21757,2,3,0,26.8861
1.21764,4,3,0,23.4695
1.21771,2,2,0,27.0965
1.21779,4,2,0,26.8418
1.21786,2,1,0,36.3059
1.21793,4,1,0,81.0726
1.21893,2,1,0,1.11281
1.21893,4,3,0,-6.67879
1.21929,2,5,0,76.7382
1.21943,2,4,0,83.545
1.21957,2,3,0,74.6906
1.21971,2,2,0,74.7523
1.21986,2,1,0,84.1358
1.21993,4,3,0,61.189
1.22029,4,5,0,78.9112
1.2205,4,4,0,81.682
1.22064,4,3,0,71.0606
1.22079,4,2,0,74.5928
1.22093,2,3,0,25.2189
1.22093,4,1,0,85.3977
1.22193,2,3,0,69.233
1.22193,2,2,0,70.1608
1.22193,4,4,0,13.3039
1.22229,2,5,0,22.5812
1.22229,4,5,0,22.9112
1.2225,2,4,0,20.4792
1.2225,4,4,0,19.0236
1.22264,2,3,0,9.76181
1.22264,4,3,0,-0.437845
1.22279,2,2,0,11.0506
1.22279,4,2,0,12.8283
1.22293,2,1,0,8.81304
1.22293,4,1,0,56.2727
1.22393,2,1,0,1.09855
1.22393,4,3,0,-6.58777
1.22429,2,5,0,22.729
1.22429,4,5,0,23.0497
1.2245,2,4,0,20.494
1.2245,4,4,0,19.1752
1.22464,2,3,0,9.97953
1.22464,4,3,0,-0.64982
1.22479,2,2,0,10.9199
1.22479,4,2,0,13.0126
1.22493,2,1,0,8.67949
1.22493,4,1,0,56.2984
1.22529,2,5,0,22.64
1.22529,4,5,0,22.9989
1.2255,2,4,0,20.4661
1.2255,4,4,0,19.1599
1.22564,2,3,0,9.99966
1.22564,4,3,0,-0.715324
1.22579,2,2,0,10.8668
1.22579,4,2,0,12.9344
1.22593,2,1,0,8.64155
1.22593,4,1,0,56.1032
1.22629,2,5,0,22.5319
1.22629,4,5,0,22.9824
1.2265,2,4,0,20.4653
1.2265,4,4,0,19.1529
1.22664,2,3,0,9.89585
1.22664,4,3,0,-0.797537
1.22679,2,2,0,10.9037
1.22679,4,2,0,12.855
1.22693,2,1,0,8.43974
1.22693,4,1,0,56.1943
1.22793,2,5,0,74.6416
1.22793,2,4,0,82.007
1.22793,2,1,0,81.5788
1.22793,4,3,0,-1.59185
1.22793,4,2,0,7.24968
1.22829,2,5,0,22.27
1.22829,4,5,0,22.8861
1.2285,2,4,0,20.601
1.2285,4,4,0,19.0862
1.22864,2,3,0,9.99858
1.22864,4,3,0,-0.627996
1.22879,2,2,0,10.9072
1.22879,4,2,0,12.8694
1.22893,2,1,0,8.37655
1.22893,4,1,0,56.0221
1.22993,2,4,0,16.1192
1.22993,2,3,0,6.63599
1.22993,2,2,0,8.61572
1.22993,4,4,0,15.3663
1.22993,4,3,0,-2.64106
1.22993,4,2,0,8.65553
1.23093,2,5,0,70.8876
1.23093,2,4,0,78.3419
1.23093,2,3,0,69.342
1.23093,2,2,0,70.1655
1.23093,4,4,0,16.9844
1.23093,4,3,0,-1.13347
1.23093,4,2,0,10.2315
1.23193,2,5,0,21.3969
1.23193,2,4,0,18.5317
1.23193,2,3,0,9.2339
1.23193,2,1,0,5.21544
1.23193,4,5,0,22.0199
1.23193,4,4,0,15.9862
1.23193,4,3,0,-2.19854
1.23193,4,2,0,10.2738
1.23293,2,2,0,72.1256
1.23293,2,1,0,81.4335
1.23293,4,3,0,-3.83791
1.23393,2,5,0,73.0668
1.23393,4,3,0,-5.44477
1.23486,2,3,0,7.85357
1.23486,2,2,0,9.18832
1.23493,4,4,0,77.452
1.23493,4,3,0,67.6473
1.23493,4,2,0,69.7766
1.23593,2,4,0,77.2802
1.23593,2,3,0,68.3767
1.23593,4,3,0,-3.62836
1.23593,4,2,0,3.99913
1.23693,2,3,0,7.06666
1.23693,2,1,0,6.18501
1.23693,4,4,0,77.5432
1.23693,4,3,0,68.5295
1.23693,4,2,0,67.339
1.23729,4,5,0,78.7138
1.2375,4,4,0,81.5858
1.23764,4,3,0,71.1381
1.23779,4,2,0,74.4546
1.23793,2,2,0,25.218
1.23793,4,1,0,85.0828
1.23829,2,4,0,83.833
1.2385,2,3,0,74.6156
1.23871,2,2,0,74.523
1.23893,4,3,0,21.3548
1.23893,2,1,0,83.678
1.23929,4,5,0,77.8398
1.2395,4,4,0,80.4357
1.23964,4,3,0,69.8809
1.23979,4,2,0,74.0658
1.23993,2,3,0,25.2068
1.23993,2,2,0,25.7597
1.23993,4,1,0,84.1442
1.24029,2,4,0,82.7225
1.2405,2,3,0,73.7107
1.24071,2,2,0,73.5052
1.24093,4,3,0,20.6268
1.24093,4,2,0,21.8288
1.24093,2,1,0,82.6039
1.24193,2,3,0,5.61624
1.24193,2,1,0,3.09634
1.24193,4,4,0,74.1852
1.24193,4,2,0,65.1518
1.24229,2,4,0,20.333
1.24229,4,5,0,23.6187
1.2425,2,3,0,8.90832
1.2425,4,4,0,17.2385
1.24271,2,2,0,10.3745
1.24271,4,3,0,0.221119
1.24293,2,1,0,7.37401
1.24293,4,2,0,10.7507
1.24329,2,4,0,20.3735
1.24329,4,5,0,23.6339
1.2435,2,3,0,8.96901
1.2435,4,4,0,17.2696
1.24371,2,2,0,10.4802
1.24371,4,3,0,0.0919925
1.24393,2,1,0,7.48541
1.24393,4,2,0,10.8114
1.24429,2,4,0,20.4774
1.24429,4,5,0,23.6771
1.2445,2,3,0,8.9455
1.2445,4,4,0,17.0748
1.24471,2,2,0,10.3806
1.24471,4,3,0,0.00913779
1.24493,2,1,0,7.37987
1.24493,4,2,0,10.6755
1.24529,2,4,0,20.3541
1.24529,4,5,0,23.7599
1.2455,2,3,0,9.01294
1.2455,4,4,0,17.2062
1.24571,2,2,0,10.32
1.24571,4,3,0,-0.0932006
1.24593,2,1,0,7.40279
1.24593,4,2,0,10.7652
1.24629,2,4,0,20.2779
1.24629,4,5,0,23.7547
1.2465,2,3,0,8.95141
1.2465,4,4,0,17.371
1.24671,2,2,0,10.4506
1.24671,4,3,0,0.0438286
1.24693,2,1,0,7.41283
1.24693,4,2,0,10.775
1.24793,2,4,0,17.2136
1.24793,2,3,0,7.83889
1.24793,2,2,0,9.70149
1.24793,4,4,0,16.2166
1.24793,4,3,0,-1.68224
1.24793,4,2,0,10.4913
1.24893,2,4,0,19.2593
1.24893,2,3,0,8.85568
1.24893,2,1,0,6.68787
1.24893,4,5,0,21.2003
1.24893,4,4,0,15.0421
1.24893,4,3,0,-1.50314
1.24993,2,4,0,19.0183
1.24993,2,2,0,7.70238
1.24993,2,1,0,5.48994
1.24993,4,5,0,22.6642
1.24993,4,4,0,18.0239
1.24993,4,2,0,8.74633
1.25086,4,5,0,68.9988
1.25086,4,3,0,60.1348
1.25086,4,2,0,65.4833
1.25093,2,3,0,52.2046
1.25093,2,2,0,64.3313
1.25093,2,1,0,71.8346
1.25193,2,4,0,17.6749
1.25193,2,3,0,9.0483
1.25193,2,1,0,4.9176
1.25193,4,4,0,14.9919
1.25193,4,3,0,-2.49568
1.25193,4,2,0,9.43435
1.25293,2,4,0,18.6966
1.25293,2,2,0,8.02186
1.25293,2,1,0,5.44772
1.25293,4,5,0,22.0502
1.25293,4,3,0,-0.255329
1.25293,4,2,0,8.84764
1.25386,2,3,0,7.70983
1.25386,2,2,0,8.02675
1.25386,4,4,0,56.5066
1.25386,4,3,0,47.0655
1.25493,2,2,0,8.71006
1.25493,4,4,0,79.3253
1.25493,4,3,0,70.0581
1.25493,4,2,0,70.545
1.25514,2,4,0,77.9082
1.25536,2,3,0,69.8218
1.25564,2,2,0,69.275
1.25593,4,4,0,31.1948
1.25593,4,3,0,21.294
1.25593,4,2,0,21.9903
1.25593,2,1,0,78.6152
1.25693,2,3,0,9.30022
1.25693,2,1,0,6.79519
1.25693,4,4,0,76.371
1.25693,4,3,0,66.6428
1.25693,4,2,0,68.8769
1.25793,2,2,0,7.05907
1.25793,2,1,0,4.05176
1.25793,4,3,0,-2.43594
1.25793,4,2,0,5.60641
1.25893,2,3,0,6.50389
1.25893,2,2,0,6.97373
1.25893,4,4,0,56.8671
1.25893,4,3,0,47.441
1.25993,2,2,0,3.42397
1.25993,4,4,0,12.9508
1.26036,2,3,0,72.9718
1.26064,2,2,0,72.3812
1.26093,4,3,0,19.1256
1.26093,4,2,0,18.0105
1.26093,2,1,0,81.6018
1.26186,2,3,0,65.3856
1.26186,2,1,0,72.8927
1.26193,4,4,0,70.4399
1.26193,4,2,0,58.8171
1.26293,2,2,0,72.3366
1.26293,2,1,0,79.4428
1.26293,4,2,0,8.35587
1.26329,4,5,0,76.8924
1.2635,4,4,0,79.0832
1.26371,4,3,0,68.0403
1.26386,4,2,0,73.5064
1.26393,2,3,0,61.5816
1.26393,2,2,0,63.7433
1.26429,4,5,0,22.4299
1.26436,2,3,0,24.5215
1.2645,4,4,0,32.2093
1.26464,2,2,0,24.0063
1.26471,4,3,0,21.4066
1.26493,2,1,0,33.0294
1.26493,4,2,0,10.8393
1.26529,4,5,0,22.4181
1.26536,2,3,0,24.4384
1.2655,4,4,0,32.2214
1.26564,2,2,0,24.0194
1.26571,4,3,0,21.5266
1.26593,2,1,0,33.0454
1.26593,4,2,0,10.838
1.26629,4,5,0,22.4174
1.26636,2,3,0,24.4087
1.2665,4,4,0,32.2121
1.26664,2,2,0,24.0276
1.26671,4,3,0,21.5653
1.26693,2,1,0,33.0728
1.26693,4,2,0,10.8752
1.26729,4,5,0,22.4912
1.26736,2,3,0,24.3557
1.2675,4,4,0,32.2112
1.26764,2,2,0,24.086
1.26771,4,3,0,21.5997
1.26793,2,1,0,33.0912
1.26793,4,2,0,10.7952
1.26829,4,5,0,22.5228
1.26836,2,3,0,24.2983
1.2685,4,4,0,32.2614
1.26864,2,2,0,24.1012
1.26871,4,3,0,21.5461
1.26893,2,1,0,33.0895
1.26893,4,2,0,10.6722
1.26936,2,3,0,74.4453
1.26964,2,2,0,74.1921
1.26993,4,5,0,28.2882
1.26993,2,1,0,83.3617
1.27029,4,5,0,22.7641
1.27036,2,3,0,24.2606
1.2705,4,4,0,32.3323
1.27064,2,2,0,24.0462
1.27071,4,3,0,21.4724
1.27086,4,2,0,10.5033
1.27093,2,1,0,76.1903
1.27136,2,3,0,74.3711
1.27164,2,2,0,74.216
1.27193,4,2,0,20.311
1.27193,2,1,0,83.2662
1.27236,2,3,0,72.5528
1.27264,2,2,0,72.3798
1.27293,4,4,0,28.6338
1.27293,4,2,0,19.7837
1.27293,2,1,0,81.4474
1.27336,2,3,0,72.6215
1.27364,2,2,0,72.3941
1.27393,4,4,0,28.5941
1.27393,4,2,0,19.8459
1.27393,2,1,0,81.4961
1.27429,4,5,0,75.3493
1.2745,4,4,0,77.5448
1.27471,4,3,0,66.1707
1.27493,2,3,0,23.2275
1.27493,2,2,0,24.044
1.27493,4,2,0,72.0271
1.27593,2,3,0,72.6936
1.27593,4,2,0,6.00086
1.27629,4,5,0,78.2456
1.2765,4,4,0,80.8626
1.27671,4,3,0,69.6479
1.27693,2,1,0,32.9868
1.27693,4,2,0,73.9048
1.27793,2,3,0,73.6683
1.27793,2,1,0,81.5258
1.27793,4,2,0,8.44301
1.27829,4,5,0,75.146
1.2785,4,4,0,77.5713
1.27871,4,3,0,66.1712
1.27893,2,2,0,24.0101
1.27893,2,1,0,33.0574
1.27893,4,2,0,72.1429
1.27993,2,3,0,69.7439
1.27993,2,2,0,70.0932
1.27993,4,4,0,14.4579
1.27993,4,3,0,-1.91103
1.28029,4,5,0,22.4072
1.28036,2,3,0,24.2027
1.2805,4,4,0,32.4359
1.28064,2,2,0,24.2636
1.28071,4,3,0,21.5565
1.28093,2,1,0,33.1397
1.28093,4,2,0,10.6544
1.28136,2,3,0,74.2125
1.28164,2,2,0,74.2801
1.28186,4,4,0,30.3263
1.28193,2,1,0,83.2221
1.28236,2,3,0,74.3372
1.28264,2,2,0,74.4025
1.28293,4,2,0,20.6241
1.28293,2,1,0,83.2275
1.28336,2,3,0,69.4625
1.28364,2,2,0,69.7099
1.28393,4,4,0,28.6517
1.28393,4,3,0,18.1889
1.28393,4,2,0,21.2127
1.28393,2,1,0,78.5017
1.28493,2,2,0,69.7111
1.28493,4,3,0,-3.87404
1.28593,2,3,0,68.4856
1.28593,2,2,0,69.6564
1.28593,4,5,0,21.4083
1.28593,4,2,0,8.95146
1.28629,4,5,0,22.3452
1.28636,2,3,0,24.1546
1.2865,4,4,0,32.5457
1.28664,2,2,0,24.3143
1.28671,4,3,0,21.7577
1.28693,2,1,0,32.8968
1.28693,4,2,0,10.6394
1.28729,4,5,0,78.0186
1.2875,4,4,0,80.6249
1.28771,4,3,0,69.8593
1.28793,2,1,0,32.9457
1.28793,4,2,0,73.9822
1.28829,4,5,0,74.9759
1.2885,4,4,0,77.4271
1.28871,4,3,0,66.4445
1.28893,2,3,0,24.1537
1.28893,2,1,0,32.0409
1.28893,4,2,0,72.1683
1.28993,2,2,0,69.8214
1.28993,4,3,0,-3.76988
1.29029,4,5,0,78.095
1.2905,4,4,0,80.7966
1.29071,4,3,0,69.9175
1.29093,2,3,0,24.1891
1.29093,4,2,0,73.9728
1.29129,4,5,0,22.5056
1.29136,2,3,0,24.3454
1.2915,4,4,0,32.643
1.29164,2,2,0,24.5195
1.29171,4,3,0,21.7552
1.29193,2,1,0,33.0714
1.29193,4,2,0,10.8953
1.29236,2,3,0,74.6398
1.29264,2,2,0,74.6569
1.29293,4,4,0,30.3318
1.29293,2,1,0,83.2777
1.29336,2,3,0,69.7275
1.29364,2,2,0,69.8706
1.29393,4,4,0,28.8569
1.29393,4,3,0,18.1632
1.29393,4,2,0,21.0728
1.29393,2,1,0,78.5795
1.29429,4,5,0,78.0814
1.2945,4,4,0,80.7534
1.29471,4,3,0,69.8086
1.29493,2,2,0,24.5473
1.29493,4,2,0,73.8661
1.29536,2,3,0,74.5998
1.29564,2,2,0,74.7111
1.29593,4,4,0,30.2134
1.29593,2,1,0,83.3171
1.29629,4,5,0,22.4626
1.29636,2,3,0,24.4061
1.2965,4,4,0,32.5657
1.29664,2,2,0,24.6188
1.29671,4,3,0,21.6516
1.29693,2,1,0,32.956
1.29693,4,2,0,10.4357
1.29729,4,5,0,77.8216
1.2975,4,4,0,80.5512
1.29771,4,3,0,69.5693
1.29786,2,1,0,33.396
1.29793,4,2,0,73.7929
1.29829,4,5,0,74.9566
1.2985,4,4,0,77.6645
1.29871,4,3,0,66.3338
1.29893,2,3,0,23.3181
1.29893,2,2,0,24.6141
1.29893,4,2,0,71.8469
1.29929,4,5,0,77.6714
1.2995,4,4,0,80.5942
1.29971,4,3,0,69.4903
1.29986,2,1,0,33.3266
1.29993,4,2,0,72.8296
1.30014,4,5,0,77.7347
1.30036,4,4,0,80.5799
1.30064,4,3,0,69.4762
1.30093,2,1,0,32.75
1.30093,4,2,0,73.5713
1.30193,2,3,0,9.0775
1.30193,4,5,0,76.953
1.30193,4,3,0,68.1201
1.30193,4,2,0,71.6353
1.30236,2,3,0,74.379
1.30264,2,2,0,74.2633
1.30293,4,4,0,30.1462
1.30293,2,1,0,83.1175
1.30336,2,3,0,72.6022
1.30364,2,2,0,72.5701
1.30393,4,4,0,28.5728
1.30393,4,3,0,19.0222
1.30393,2,1,0,81.3676
1.30436,2,3,0,74.3145
1.30464,2,2,0,74.4153
1.30493,4,4,0,30.303
1.30493,2,1,0,83.0762
1.30536,2,3,0,8.93394
1.30536,4,4,0,17.5481
1.30564,2,2,0,10.4358
1.30564,4,3,0,-0.0781879
1.30593,2,1,0,8.36415
1.30593,4,2,0,10.3718
1.30636,2,3,0,8.85907
1.30636,4,4,0,17.6685
1.30664,2,2,0,10.4296
1.30664,4,3,0,-0.0152226
1.30693,2,1,0,8.36432
1.30693,4,2,0,10.4227
1.30736,4,4,0,81.0274
1.30764,4,3,0,69.5241
1.30793,2,1,0,31.0116
1.30793,4,2,0,73.5467
1.3085,4,3,0,66.1379
1.30893,2,3,0,18.5675
1.30893,2,2,0,19.9534
1.30893,4,2,0,71.7248
1.3095,4,3,0,69.581
1.30993,2,1,0,28.144
1.30993,4,2,0,73.5085
1.31093,2,3,0,8.33699
1.31093,2,1,0,7.39734
1.31093,4,4,0,14.7958
1.31093,4,3,0,-1.95085
1.31193,2,2,0,8.18031
1.31193,2,1,0,7.25088
1.31193,4,4,0,16.8164
1.31193,4,2,0,6.16312
1.31293,2,3,0,8.15502
1.31293,2,1,0,5.76958
1.31293,4,3,0,-2.87035
1.31293,4,2,0,7.92569
1.31393,2,2,0,10.7633
1.31393,4,3,0,69.4375
1.31393,4,2,0,71.502
1.31429,2,3,0,9.84426
1.3145,4,3,0,18.3715
1.31457,2,2,0,24.5225
1.31486,2,1,0,8.7857
1.31493,4,2,0,66.883
1.31593,2,3,0,7.4212
1.31593,2,1,0,8.4989
1.31593,4,4,0,15.3504
1.31593,4,3,0,-1.34228
1.31693,2,2,0,9.3643
1.31693,2,1,0,4.60458
1.31693,4,4,0,15.8147
1.31693,4,2,0,9.24153
1.31793,2,3,0,7.32917
1.31793,2,1,0,6.64922
1.31793,4,3,0,-2.11101
1.31793,4,2,0,7.12864
1.3185,4,3,0,69.466
1.31893,2,2,0,20.075
1.31893,4,2,0,73.5807
1.3195,4,3,0,67.019
1.31993,2,3,0,19.6258
1.31993,2,1,0,27.1551
1.31993,4,2,0,72.4713
1.32093,2,3,0,5.45037
1.32093,4,3,0,-4.9022
1.32193,2,2,0,72.7281
1.32193,2,1,0,79.2926
1.32193,4,2,0,9.09151
1.32293,2,3,0,7.35281
1.32293,2,1,0,6.72604
1.32293,4,3,0,-2.19144
1.32293,4,2,0,7.49285
1.32336,2,3,0,9.96921
1.3235,4,3,0,18.2505
1.32364,2,2,0,24.3775
1.32393,4,2,0,21.8601
1.32393,2,1,0,8.70675
1.32493,2,1,0,8.21792
1.32493,4,3,0,68.4366
1.32493,4,2,0,73.749
1.32536,2,3,0,9.78562
1.3255,4,3,0,18.156
1.32564,2,2,0,24.4335
1.32593,4,2,0,21.9378
1.32593,2,1,0,8.68019
1.32636,2,3,0,9.80899
1.3265,4,3,0,18.167
1.32664,2,2,0,24.4418
1.32693,4,2,0,22.0134
1.32693,2,1,0,8.78796
1.32736,2,3,0,9.69618
1.3275,4,3,0,18.1258
1.32764,2,2,0,24.4234
1.32793,4,2,0,21.9599
1.32793,2,1,0,8.77274
1.32836,2,3,0,9.68255
1.3285,4,3,0,18.2539
1.32864,2,2,0,24.399
1.32893,4,2,0,21.9956
1.32893,2,1,0,8.73758
1.32936,2,3,0,9.66048
1.3295,4,3,0,18.3118
1.32964,2,2,0,24.472
1.32993,4,2,0,22.077
1.32993,2,1,0,8.85265
1.33043,4,3,0,65.9161
1.33086,4,2,0,72.0961
1.33093,2,3,0,51.861
1.33093,2,2,0,65.0852
1.3315,4,3,0,69.4265
1.33193,2,1,0,28.3003
1.33193,4,2,0,73.8306
1.3325,4,3,0,69.3862
1.33293,2,1,0,28.2423
1.33293,4,2,0,73.7416
1.33343,4,3,0,69.0075
1.33386,2,1,0,28.6867
1.33386,4,2,0,73.6219
1.33436,2,3,0,9.75318
1.3345,4,3,0,18.2356
1.33464,2,2,0,24.7931
1.33493,4,2,0,21.9144
1.33493,2,1,0,9.07207
1.33536,2,3,0,64.6154
1.33564,2,2,0,65.2438
1.33593,4,3,0,18.2364
1.33593,4,2,0,19.5725
1.33593,2,1,0,73.671
1.33636,2,3,0,9.86449
1.3365,4,3,0,18.0595
1.33664,2,2,0,24.8154
1.33693,4,2,0,21.9773
1.33693,2,1,0,8.85784
1.33736,2,3,0,9.87823
1.3375,4,3,0,18.1215
1.33764,2,2,0,24.8696
1.33793,4,2,0,22.1118
1.33793,2,1,0,8.83244
1.33836,2,3,0,9.73508
1.3385,4,3,0,18.1582
1.33864,2,2,0,24.8925
1.33893,4,2,0,22.2043
1.33893,2,1,0,8.82808
1.33936,2,3,0,9.76693
1.3395,4,3,0,18.1288
1.33964,2,2,0,24.8845
1.33993,4,2,0,22.3074
1.33993,2,1,0,8.76219
1.3405,4,3,0,69.2098
1.34093,2,2,0,20.4938
1.34093,4,2,0,74.0626
1.3415,4,3,0,64.6951
1.34186,2,3,0,18.6405
1.34186,2,2,0,20.7843
1.34193,4,2,0,71.8392
1.34293,2,3,0,8.56297
1.34293,2,2,0,11.7566
1.34293,4,3,0,64.7856
1.34293,4,2,0,72.3363
1.34386,4,3,0,-2.30816
1.34393,2,3,0,68.7474
1.34393,2,1,0,77.4796
1.34493,2,2,0,11.3445
1.34493,2,1,0,8.19055
1.34493,4,3,0,65.7862
1.34493,4,2,0,70.2708
1.3455,4,3,0,65.8531
1.34593,2,3,0,18.2991
1.34593,2,2,0,20.4441
1.34593,4,2,0,72.0266
1.34693,2,3,0,69.3038
1.34693,2,2,0,70.8474
1.34693,4,3,0,-2.13629
1.34793,2,3,0,68.0435
1.34793,2,2,0,70.1272
1.34793,4,3,0,-1.5026
1.34893,2,3,0,68.4588
1.34893,2,1,0,78.4563
1.34893,4,3,0,-1.23626
1.34993,2,2,0,70.0113
1.34993,2,1,0,76.428
1.34993,4,2,0,9.24578
1.35086,4,2,0,9.40875
1.35093,2,3,0,67.8832
1.35093,2,2,0,69.9177
1.35136,2,3,0,72.2915
1.35164,2,2,0,72.9127
1.35193,4,3,0,18.7855
1.35193,2,1,0,81.5474
1.35293,2,3,0,6.95551
1.35293,4,3,0,66.8915
1.35336,2,3,0,72.32
1.35364,2,2,0,72.9964
1.35393,4,3,0,18.6948
1.35393,2,1,0,81.4676
1.35493,2,1,0,10.1847
1.35493,4,3,0,69.1667
1.35493,4,2,0,71.9311
1.35536,2,3,0,72.3754
1.35564,2,2,0,73.0647
1.35593,4,2,0,20.1231
1.35593,2,1,0,81.5494
1.3565,4,3,0,69.3487
1.35693,2,2,0,20.4351
1.35693,4,2,0,74.0485
1.35736,2,3,0,9.99463
1.3575,4,3,0,18.2083
1.35764,2,2,0,24.8465
1.35793,4,2,0,22.1321
1.35793,2,1,0,8.96288
1.35836,2,3,0,9.98187
1.3585,4,3,0,18.214
1.35864,2,2,0,24.9172
1.35893,4,2,0,22.1352
1.35893,2,1,0,9.09983
1.35936,2,3,0,10.0463
1.3595,4,3,0,18.3103
1.35964,2,2,0,24.9394
1.35993,4,2,0,22.0397
1.35993,2,1,0,9.23241
1.36036,2,3,0,10.1043
1.3605,4,3,0,18.3663
1.36064,2,2,0,24.8611
1.36093,4,2,0,21.9788
1.36093,2,1,0,9.13303
1.36136,2,3,0,10.1692
1.36143,4,3,0,19.0928
1.36164,2,2,0,24.8888
1.36186,4,2,0,21.9515
1.36193,2,1,0,77.2173
1.36293,2,3,0,68.7967
1.36293,2,1,0,78.6438
1.36293,4,3,0,-1.23517
1.3635,4,3,0,66.0639
1.36393,2,3,0,18.8501
1.36393,2,1,0,28.4444
1.36393,4,2,0,71.9075
1.36493,2,3,0,68.6892
1.36493,2,1,0,78.5824
1.36493,4,3,0,-1.34625
1.36593,2,3,0,9.39425
1.36593,2,1,0,10.718
1.36593,4,3,0,66.0687
1.36593,4,2,0,69.8255
1.36693,2,3,0,10.0432
1.36693,4,3,0,69.3877
1.36693,4,2,0,71.0317
1.36793,2,3,0,7.58628
1.36793,4,3,0,67.2013
1.36836,2,3,0,10.4214
1.36864,2,2,0,11.3505
1.36893,4,3,0,18.4771
1.36893,4,2,0,19.5827
1.36893,2,1,0,11.0105
1.36993,2,3,0,7.66969
1.36993,4,3,0,67.2486
1.37036,2,3,0,72.6246
1.37064,2,2,0,73.0825
1.37093,4,2,0,19.5755
1.37093,2,1,0,81.5902
1.37136,2,3,0,10.5802
1.3715,4,3,0,18.594
1.37164,2,2,0,24.729
1.37193,4,2,0,21.647
1.37193,2,1,0,9.29477
1.37236,2,3,0,10.6868
1.3725,4,3,0,18.5431
1.37264,2,2,0,24.7034
1.37293,4,2,0,21.6123
1.37293,2,1,0,9.3428
1.3735,4,3,0,66.1118
1.37393,2,3,0,18.6504
1.37393,2,2,0,20.3479
1.37393,4,2,0,71.7026
1.3745,4,3,0,69.5608
1.37493,2,1,0,28.5488
1.37493,4,2,0,73.4878
1.37536,2,3,0,10.698
1.3755,4,3,0,18.4537
1.37564,2,2,0,24.7842
1.37593,4,2,0,21.6345
1.37593,2,1,0,9.57061
1.3765,4,3,0,69.5743
1.37693,2,1,0,28.6197
1.37693,4,2,0,73.415
1.37786,2,3,0,69.9951
1.37786,2,1,0,79.8683
1.37793,4,3,0,60.2487
1.37893,2,2,0,8.88121
1.37893,4,2,0,67.3641
1.37929,2,3,0,10.7082
1.3795,4,3,0,18.6408
1.37957,2,2,0,24.8636
1.37986,2,1,0,9.61771
1.37993,4,2,0,62.883
1.3805,4,3,0,69.7055
1.38093,2,1,0,28.6043
1.38093,4,2,0,73.3318
1.38136,2,3,0,72.8267
1.38164,2,2,0,73.1373
1.38193,4,2,0,19.3775
1.38193,2,1,0,81.8002
1.3825,4,3,0,69.7634
1.38293,2,3,0,20.026
1.38293,4,2,0,73.3446
1.38336,2,3,0,10.4243
1.3835,4,3,0,18.6024
1.38364,2,2,0,24.8082
1.38393,4,2,0,21.448
1.38393,2,1,0,9.45879
1.3845,4,3,0,70.3602
1.38493,2,3,0,19.9234
1.38493,4,2,0,73.5136
1.38536,2,3,0,10.4546
1.3855,4,3,0,18.7156
1.38564,2,2,0,24.8505
1.38593,4,2,0,21.4257
1.38593,2,1,0,9.44965
1.3865,4,3,0,69.715
1.38693,2,2,0,20.4341
1.38693,4,2,0,73.2151
1.38736,2,3,0,10.5428
1.3875,4,3,0,18.5557
1.38764,2,2,0,24.7726
1.38793,4,2,0,21.3881
1.38793,2,1,0,9.45115
1.38893,2,3,0,9.8555
1.38893,2,1,0,9.15077
1.38893,4,3,0,65.434
1.38893,4,2,0,71.4422
1.38936,2,3,0,72.7613
1.38964,2,2,0,73.0537
1.38993,4,3,0,19.2129
1.38993,2,1,0,81.5588
1.39093,2,3,0,7.75047
1.39093,4,2,0,67.1396
1.39136,2,3,0,10.6092
1.3915,4,3,0,18.7299
1.39164,2,2,0,24.6337
1.39193,4,2,0,21.3868
1.39193,2,1,0,9.27746
1.39293,2,3,0,9.82113
1.39293,2,1,0,10.7379
1.39293,4,3,0,66.3953
1.39293,4,2,0,69.5155
1.39336,2,3,0,72.8818
1.39364,2,2,0,72.877
1.39393,4,3,0,19.4171
1.39393,2,1,0,81.4041
1.3945,4,3,0,69.6641
1.39486,2,2,0,20.4324
1.39493,4,2,0,73.378
1.39536,2,3,0,72.9237
1.39564,2,2,0,72.8029
1.39593,4,2,0,19.3091
1.39593,2,1,0,81.3126
1.39636,2,3,0,10.7224
1.3965,4,3,0,18.8757
1.39664,2,2,0,24.4906
1.39693,4,2,0,21.421
1.39693,2,1,0,9.17184
1.39743,2,3,0,72.933
1.39757,2,2,0,72.8523
1.39793,4,2,0,19.315
1.39793,2,1,0,81.3542
1.39893,2,2,0,7.82837
1.39893,4,3,0,67.6042
1.3995,2,3,0,10.7782
1.3995,4,3,0,-0.375859
1.39993,2,1,0,8.84668
1.39993,4,2,0,9.89555
1.4005,4,3,0,-0.553822
1.40093,2,3,0,19.9989
1.40093,4,2,0,10.6293
1.40193,2,1,0,7.12087
1.40193,4,3,0,67.274
1.4025,4,3,0,-0.463382
1.40293,2,3,0,19.9568
1.40293,4,2,0,10.8933
1.4035,4,3,0,-0.404362
1.40393,2,3,0,19.9113
1.40393,4,2,0,10.8762
1.40493,2,3,0,9.76274
1.40493,2,1,0,10.4533
1.40493,4,3,0,0.559566
1.40493,4,2,0,8.06815
1.40593,2,3,0,10.5201
1.40593,4,3,0,-1.0699
1.40593,4,2,0,10.9175
1.4065,4,3,0,-0.325121
1.40693,2,3,0,19.9692
1.40693,4,2,0,11.0578
1.40793,2,3,0,10.5098
1.40793,4,3,0,-0.893697
1.40793,4,2,0,10.9778
1.40893,2,3,0,10.6089
1.40893,4,3,0,-0.904474
1.40893,4,2,0,10.9057
1.40993,2,3,0,72.7828
1.40993,2,1,0,80.0231
1.40993,4,3,0,0.337575
1.41086,4,3,0,0.254625
1.41093,2,3,0,72.0616
1.41193,2,3,0,10.6453
1.41193,4,3,0,-0.374297
1.41193,4,2,0,9.20431
1.41293,2,3,0,10.6015
1.41293,4,3,0,-0.245494
1.41293,4,2,0,9.14685
1.41386,2,3,0,72.1625
1.41386,4,2,0,9.28659
1.41493,2,3,0,72.5697
1.41493,4,3,0,0.384367
1.41593,2,3,0,72.5913
1.41593,4,3,0,0.252115
1.41693,2,3,0,10.5042
1.41693,4,3,0,-0.392002
1.41693,4,2,0,8.89156
1.41793,2,3,0,10.3991
1.41793,4,3,0,-0.311418
1.41793,4,2,0,8.77455
1.41843,2,3,0,72.5408
1.41893,4,3,0,70.2339
1.41993,4,3,0,72.5925
1.42093,4,2,0,72.3594
1.42193,4,3,0,72.5217
1.4225,4,3,0,-0.15323
1.42293,2,3,0,19.6277
1.42293,4,2,0,10.7914
1.42343,4,3,0,-0.188244
1.42386,4,2,0,10.7936
1.42393,2,3,0,62.4935
1.4245,4,3,0,71.9104
1.42493,4,2,0,74.4048
1.42521,4,3,0,71.8399
1.42593,4,2,0,74.3848
1.42693,4,2,0,74.3698
1.42793,2,3,0,72.36
1.42793,4,3,0,0.189259
1.42893,4,3,0,72.51
1.43293,2,3,0,72.4935
1.43293,4,3,0,0.209173
